{
    "name": "root",
    "gauges": {
        "DroneAgent.Policy.Entropy.mean": {
            "value": 1.9291205406188965,
            "min": 1.9291205406188965,
            "max": 1.9291205406188965,
            "count": 1
        },
        "DroneAgent.Policy.Entropy.sum": {
            "value": 16208.470703125,
            "min": 16208.470703125,
            "max": 16208.470703125,
            "count": 1
        },
        "DroneAgent.Environment.LessonNumber.target_distance.mean": {
            "value": 1.0,
            "min": 1.0,
            "max": 1.0,
            "count": 1
        },
        "DroneAgent.Environment.LessonNumber.target_distance.sum": {
            "value": 1.0,
            "min": 1.0,
            "max": 1.0,
            "count": 1
        },
        "DroneAgent.Environment.LessonNumber.obstacle_count.mean": {
            "value": 1.0,
            "min": 1.0,
            "max": 1.0,
            "count": 1
        },
        "DroneAgent.Environment.LessonNumber.obstacle_count.sum": {
            "value": 1.0,
            "min": 1.0,
            "max": 1.0,
            "count": 1
        },
        "DroneAgent.Environment.LessonNumber.wind_strength.mean": {
            "value": 1.0,
            "min": 1.0,
            "max": 1.0,
            "count": 1
        },
        "DroneAgent.Environment.LessonNumber.wind_strength.sum": {
            "value": 1.0,
            "min": 1.0,
            "max": 1.0,
            "count": 1
        },
        "DroneAgent.AngleStability.mean": {
            "value": 0.6602312064740538,
            "min": 0.6602312064740538,
            "max": 0.6602312064740538,
            "count": 1
        },
        "DroneAgent.AngleStability.sum": {
            "value": 5524.814735774882,
            "min": 5524.814735774882,
            "max": 5524.814735774882,
            "count": 1
        },
        "DroneAgent.ExploredCells.mean": {
            "value": 5.306046845124283,
            "min": 5.306046845124283,
            "max": 5.306046845124283,
            "count": 1
        },
        "DroneAgent.ExploredCells.sum": {
            "value": 44401.0,
            "min": 44401.0,
            "max": 44401.0,
            "count": 1
        },
        "DroneAgent.ClosestEver.mean": {
            "value": 3.0792396190232574,
            "min": 3.0792396190232574,
            "max": 3.0792396190232574,
            "count": 1
        },
        "DroneAgent.ClosestEver.sum": {
            "value": 25767.077131986618,
            "min": 25767.077131986618,
            "max": 25767.077131986618,
            "count": 1
        },
        "DroneAgent.BacktrackCount.mean": {
            "value": 2.3337715105162524,
            "min": 2.3337715105162524,
            "max": 2.3337715105162524,
            "count": 1
        },
        "DroneAgent.BacktrackCount.sum": {
            "value": 19529.0,
            "min": 19529.0,
            "max": 19529.0,
            "count": 1
        },
        "DroneAgent.GroundDistance.mean": {
            "value": 20.0,
            "min": 20.0,
            "max": 20.0,
            "count": 1
        },
        "DroneAgent.GroundDistance.sum": {
            "value": 167360.0,
            "min": 167360.0,
            "max": 167360.0,
            "count": 1
        },
        "DroneAgent.VerticalVelocity.mean": {
            "value": -1.2604318520725724,
            "min": -1.2604318520725724,
            "max": -1.2604318520725724,
            "count": 1
        },
        "DroneAgent.VerticalVelocity.sum": {
            "value": -10547.293738143286,
            "min": -10547.293738143286,
            "max": -10547.293738143286,
            "count": 1
        },
        "DroneAgent.DroneHP.mean": {
            "value": 99.33350950718838,
            "min": 99.33350950718838,
            "max": 99.33350950718838,
            "count": 1
        },
        "DroneAgent.DroneHP.sum": {
            "value": 831222.8075561523,
            "min": 831222.8075561523,
            "max": 831222.8075561523,
            "count": 1
        },
        "DroneAgent.GoalsReached.mean": {
            "value": 0.6275095602294455,
            "min": 0.6275095602294455,
            "max": 0.6275095602294455,
            "count": 1
        },
        "DroneAgent.GoalsReached.sum": {
            "value": 5251.0,
            "min": 5251.0,
            "max": 5251.0,
            "count": 1
        },
        "DroneAgent.GroundCollisions.mean": {
            "value": 0.0,
            "min": 0.0,
            "max": 0.0,
            "count": 1
        },
        "DroneAgent.GroundCollisions.sum": {
            "value": 0.0,
            "min": 0.0,
            "max": 0.0,
            "count": 1
        },
        "DroneAgent.PathEfficiency.mean": {
            "value": 362.51422705494195,
            "min": 362.51422705494195,
            "max": 362.51422705494195,
            "count": 1
        },
        "DroneAgent.PathEfficiency.sum": {
            "value": 3033519.0519957542,
            "min": 3033519.0519957542,
            "max": 3033519.0519957542,
            "count": 1
        },
        "DroneAgent.MissionProgress.mean": {
            "value": 0.06275095695800666,
            "min": 0.06275095695800666,
            "max": 0.06275095695800666,
            "count": 1
        },
        "DroneAgent.MissionProgress.sum": {
            "value": 525.1000078245997,
            "min": 525.1000078245997,
            "max": 525.1000078245997,
            "count": 1
        },
        "DroneAgent.Environment.EpisodeLength.mean": {
            "value": 221.08333333333334,
            "min": 221.08333333333334,
            "max": 221.08333333333334,
            "count": 1
        },
        "DroneAgent.Environment.EpisodeLength.sum": {
            "value": 7959.0,
            "min": 7959.0,
            "max": 7959.0,
            "count": 1
        },
        "DroneAgent.Step.mean": {
            "value": 3509967.0,
            "min": 3509967.0,
            "max": 3509967.0,
            "count": 1
        },
        "DroneAgent.Step.sum": {
            "value": 3509967.0,
            "min": 3509967.0,
            "max": 3509967.0,
            "count": 1
        },
        "DroneAgent.Policy.ExtrinsicValueEstimate.mean": {
            "value": -1.6469364166259766,
            "min": -1.6469364166259766,
            "max": -1.6469364166259766,
            "count": 1
        },
        "DroneAgent.Policy.ExtrinsicValueEstimate.sum": {
            "value": -64.23052215576172,
            "min": -64.23052215576172,
            "max": -64.23052215576172,
            "count": 1
        },
        "DroneAgent.Policy.CuriosityValueEstimate.mean": {
            "value": 0.09158454090356827,
            "min": 0.09158454090356827,
            "max": 0.09158454090356827,
            "count": 1
        },
        "DroneAgent.Policy.CuriosityValueEstimate.sum": {
            "value": 3.5717971324920654,
            "min": 3.5717971324920654,
            "max": 3.5717971324920654,
            "count": 1
        },
        "DroneAgent.Environment.CumulativeReward.mean": {
            "value": -11.09437200001308,
            "min": -11.09437200001308,
            "max": -11.09437200001308,
            "count": 1
        },
        "DroneAgent.Environment.CumulativeReward.sum": {
            "value": -388.30302000045776,
            "min": -388.30302000045776,
            "max": -388.30302000045776,
            "count": 1
        },
        "DroneAgent.Policy.ExtrinsicReward.mean": {
            "value": -11.09437200001308,
            "min": -11.09437200001308,
            "max": -11.09437200001308,
            "count": 1
        },