,Episode,VictimsRescued,TotalVictims,StepsTaken,PathEfficiency,DistanceTraveled,DroneHP,ExploredCells
Mean,50.5,3.89,6.0,553.37,0.24754,139.15809000000002,-2.9430000000000005,12.53
Std Dev,29.011491975882016,1.4487542541400495,0.0,477.33870098133195,0.05520913772998894,19.334106093801275,47.13516188429382,5.309520703510828
Min,1.0,1.0,6.0,48.0,0.152,106.018,-270.1,3.0
Max,100.0,6.0,6.0,4001.0,0.393,192.706,100.0,25.0
Median,50.5,4.0,6.0,466.0,0.24,135.0385,-2.75,11.5
