,Episode,TeamVictimsRescued,TotalVictims,StepsTaken,Agent0Goals,Agent1Goals,Agent2Goals,Agent0HP,Agent1HP,Agent2HP,Agent0Efficiency,Agent1Efficiency,Agent2Efficiency,TeamExploredCells
Mean,50.5,3.42,6.0,4325.4,3.61,3.61,1.62,379.275,414.6700000000001,424.16900000000004,1.07572,29.53657,7.16156,124.47
Std Dev,29.011491975882016,1.848723283181606,0.0,822.8518896637677,2.068986967263707,2.0689869672637067,1.237299111334479,132.2918066093271,105.23830917100345,89.71902346050734,0.8106606618597382,275.3409046218614,21.675564364313917,77.90948581397505
Min,1.0,0.0,6.0,2006.0,0.0,0.0,0.0,-31.4,64.1,56.4,0.0,0.481,0.567,0.0
Max,100.0,6.0,6.0,5000.0,8.0,10.0,5.0,500.0,500.0,500.0,3.427,2755.351,146.26,269.0
Median,50.5,4.0,6.0,4766.0,4.0,3.0,1.0,424.0,441.7,448.85,0.8554999999999999,1.476,1.712,143.5
