{
  "training_summary": {},
  "test_summary": {
    "S1 2D-Single": {
      "total_episodes": 100,
      "success_rate": 64.83333333333333,
      "avg_victims": 3.89,
      "avg_steps": 553.37,
      "avg_hp": -2.9430000000000005,
      "crash_rate": 0.0,
      "path_efficiency": 0.24,
      "explored_cells": 12.53
    },
    "S2 2D-Multi": {
      "total_episodes": 100,
      "success_rate": 99.8,
      "avg_victims": 4.99,
      "avg_steps": 255.1,
      "avg_hp": 96.18233333333332,
      "crash_rate": 0.0,
      "path_efficiency": 1.8054999999999999,
      "explored_cells": 22.74
    },
    "S3 3D-Single": {
      "total_episodes": 100,
      "success_rate": 47.50000000000001,
      "avg_victims": 2.85,
      "avg_steps": 2677.8,
      "avg_hp": 247.62600000000003,
      "crash_rate": 0.0,
      "path_efficiency": 1.528,
      "explored_cells": 73.62
    },
    "S4 3D-Multi": {
      "total_episodes": 100,
      "success_rate": 57.0,
      "avg_victims": 3.42,
      "avg_steps": 4325.4,
      "avg_hp": 406.038,
      "crash_rate": 0.0,
      "path_efficiency": 1.476,
      "explored_cells": 124.47
    }
  },
  "cross_analysis": {
    "efficiency": {
      "S1 2D-Single": 7.016974222991865,
      "S2 2D-Multi": 19.484576337368214,
      "S3 3D-Single": 1.063909213080484,
      "S4 3D-Multi": 0.7904955621301776
    },
    "scores": {
      "S1 2D-Single": 64.83333333333333,
      "S2 2D-Multi": 91.48333333333333,
      "S3 3D-Single": 47.50000000000001,
      "S4 3D-Multi": 56.99999999999999
    }
  }
}