,Episode,TeamVictimsRescued,TotalVictims,StepsTaken,Agent0Goals,Agent1Goals,Agent2Goals,Agent0HP,Agent1HP,Agent2HP,Agent0Efficiency,Agent1Efficiency,Agent2Efficiency,TeamExploredCells
Mean,50.5,5.0,5.0,255.1,2.04,1.47,1.49,93.439,96.475,98.633,1.81865,2.0380700000000003,1.8406500000000003,22.74
Std Dev,29.011491975882016,0.1421338109037403,0.0,98.53087502571638,0.5302943722236936,0.5765624358421579,0.5945034427438947,11.942225356467135,8.130058642799167,4.5940465426858275,0.7897197991130216,0.9256685736168309,0.7936915332797748,5.835488779265136
Min,1.0,4.0,5.0,95.0,1.0,0.0,0.0,38.6,61.4,76.9,0.588,0.655,0.686,13.0
Max,100.0,6.0,5.0,620.0,3.0,3.0,3.0,100.0,100.0,100.0,3.67,4.97,4.202,36.0
Median,50.5,5.0,5.0,256.5,2.0,1.0,1.0,100.0,100.0,100.0,1.819,1.8054999999999999,1.6915,22.5
