{
    "name": "root",
    "gauges": {
        "DroneAgent.Policy.Entropy.mean": {
            "value": 1.8039230108261108,
            "min": 1.8039230108261108,
            "max": 1.8039231300354004,
            "count": 3
        },
        "DroneAgent.Policy.Entropy.sum": {
            "value": 18060.876953125,
            "min": 15674.287109375,
            "max": 18060.876953125,
            "count": 3
        },
        "DroneAgent.AngleStability.mean": {
            "value": 0.7861185156419089,
            "min": 0.7752373156601757,
            "max": 0.7861185156419089,
            "count": 3
        },
        "DroneAgent.AngleStability.sum": {
            "value": 7832.884889855981,
            "min": 6708.128492407501,
            "max": 7832.884889855981,
            "count": 3
        },
        "DroneAgent.ExploredCells.mean": {
            "value": 32.70262946607788,
            "min": 22.669594360337456,
            "max": 32.70262946607788,
            "count": 3
        },
        "DroneAgent.ExploredCells.sum": {
            "value": 325849.0,
            "min": 196160.0,
            "max": 325849.0,
            "count": 3
        },
        "DroneAgent.ClosestEver.mean": {
            "value": 13.321681225649185,
            "min": 10.680648496147388,
            "max": 13.321681225649185,
            "count": 3
        },
        "DroneAgent.ClosestEver.sum": {
            "value": 132737.23173236847,
            "min": 92419.65143716335,
            "max": 132737.23173236847,
            "count": 3
        },
        "DroneAgent.BacktrackCount.mean": {
            "value": 0.00010036130068245685,
            "min": 0.00010036130068245685,
            "max": 0.010054316422050156,
            "count": 3
        },
        "DroneAgent.BacktrackCount.sum": {
            "value": 1.0,
            "min": 1.0,
            "max": 87.0,
            "count": 3
        },
        "DroneAgent.GroundDistance.mean": {
            "value": 16.49950327321929,
            "min": 16.291355520332605,
            "max": 16.49950327321929,
            "count": 3
        },
        "DroneAgent.GroundDistance.sum": {
            "value": 164401.050614357,
            "min": 141277.6609287262,
            "max": 164401.050614357,
            "count": 3
        },
        "DroneAgent.VerticalVelocity.mean": {
            "value": 0.46307666234825173,
            "min": 0.46307666234825173,
            "max": 0.6955099592672682,
            "count": 3
        },
        "DroneAgent.VerticalVelocity.sum": {
            "value": 4614.09586363798,
            "min": 4614.09586363798,
            "max": 6018.247677539672,
            "count": 3
        },
        "DroneAgent.DroneHP.mean": {
            "value": 78.0934376256239,
            "min": 78.0934376256239,
            "max": 91.15744891541674,
            "count": 3
        },
        "DroneAgent.DroneHP.sum": {
            "value": 778123.0125017166,
            "min": 778123.0125017166,
            "max": 898356.6590614319,
            "count": 3
        },
        "DroneAgent.GoalsReached.mean": {
            "value": 3.6036732236049778,
            "min": 2.4952039754998268,
            "max": 3.6036732236049778,
            "count": 3
        },
        "DroneAgent.GoalsReached.sum": {
            "value": 35907.0,
            "min": 21591.0,
            "max": 35907.0,
            "count": 3
        },
        "DroneAgent.GroundCollisions.mean": {
            "value": 0.0,
            "min": 0.0,
            "max": 0.0,
            "count": 3
        },
        "DroneAgent.GroundCollisions.sum": {
            "value": 0.0,
            "min": 0.0,
            "max": 0.0,
            "count": 3
        },
        "DroneAgent.PathEfficiency.mean": {
            "value": 294.05518308594156,
            "min": 243.8381023728019,
            "max": 413.45762783521093,
            "count": 3
        },
        "DroneAgent.PathEfficiency.sum": {
            "value": 2929965.844268322,
            "min": 2403024.4988839626,
            "max": 3577648.85365808,
            "count": 3
        },
        "DroneAgent.MissionProgress.mean": {
            "value": 0.3603673254131122,
            "min": 0.24952040205425602,
            "max": 0.3603673254131122,
            "count": 3
        },
        "DroneAgent.MissionProgress.sum": {
            "value": 3590.7000304162502,
            "min": 2159.100038975477,
            "max": 3590.7000304162502,
            "count": 3
        },
        "DroneAgent.Environment.LessonNumber.target_distance.mean": {
            "value": 7.0,
            "min": 7.0,
            "max": 7.0,
            "count": 3
        },
        "DroneAgent.Environment.LessonNumber.target_distance.sum": {
            "value": 7.0,
            "min": 7.0,
            "max": 7.0,
            "count": 3
        },
        "DroneAgent.Environment.LessonNumber.obstacle_count.mean": {
            "value": 7.0,
            "min": 7.0,
            "max": 7.0,
            "count": 3
        },
        "DroneAgent.Environment.LessonNumber.obstacle_count.sum": {
            "value": 7.0,
            "min": 7.0,
            "max": 7.0,
            "count": 3
        },
        "DroneAgent.Environment.LessonNumber.wind_strength.mean": {
            "value": 7.0,
            "min": 7.0,
            "max": 7.0,
            "count": 3
        },
        "DroneAgent.Environment.LessonNumber.wind_strength.sum": {
            "value": 7.0,
            "min": 7.0,
            "max": 7.0,
            "count": 3
        },
        "DroneAgent.Environment.EpisodeLength.mean": {
            "value": 1000.2,
            "min": 742.3636363636364,
            "max": 1000.2,
            "count": 3
        },
        "DroneAgent.Environment.EpisodeLength.sum": {
            "value": 10002.0,
            "min": 8166.0,
            "max": 10002.0,
            "count": 3
        },
        "DroneAgent.Step.mean": {
            "value": 7249711.0,
            "min": 7229800.0,
            "max": 7249711.0,
            "count": 3
        },
        "DroneAgent.Step.sum": {
            "value": 7249711.0,
            "min": 7229800.0,
            "max": 7249711.0,
            "count": 3
        },
        "DroneAgent.Policy.ExtrinsicValueEstimate.mean": {
            "value": 7.687286853790283,
            "min": 7.035529136657715,
            "max": 7.980251312255859,
            "count": 3
        },
        "DroneAgent.Policy.ExtrinsicValueEstimate.sum": {
            "value": 199.8694610595703,
            "min": 147.74610900878906,
            "max": 199.8694610595703,
            "count": 3
        },
        "DroneAgent.Policy.CuriosityValueEstimate.mean": {
            "value": 0.07369448244571686,
            "min": 0.07134047895669937,
            "max": 0.07369448244571686,
            "count": 3
        },
        "DroneAgent.Policy.CuriosityValueEstimate.sum": {
            "value": 1.9160566329956055,
            "min": 1.498150110244751,
            "max": 1.9160566329956055,
            "count": 3
        },
        "DroneAgent.Environment.CumulativeReward.mean": {
            "value": 96.57087779045105,
            "min": 61.76279657537287,
            "max": 96.57087779045105,
            "count": 3
        },
        "DroneAgent.Environment.CumulativeReward.sum": {
            "value": 965.7087779045105,
            "min": 679.3907623291016,
            "max": 965.7087779045105,
            "count": 3
        },
        "DroneAgent.Policy.ExtrinsicReward.mean": {
            "value": 96.57087779045105,
            "min": 61.76279657537287,
            "max": 96.57087779045105,
            "count": 3
        },