{
    "name": "root",
    "metadata": {
        "timer_format_version": "0.1.0",
        "start_time_seconds": "1779123334",
        "python_version": "3.10.12 | packaged by Anaconda, Inc. | (main, Jul  5 2023, 19:01:18) [MSC v.1916 64 bit (AMD64)]",
        "command_line_arguments": "E:\\anaconda\\envs\\mlagents\\Scripts\\mlagents-learn config3D\\single_occ_ppo.yaml --run-id=drone3d_vc5 --resume",
        "mlagents_version": "1.1.0",
        "mlagents_envs_version": "1.1.0",
        "communication_protocol_version": "1.5.0",
        "pytorch_version": "2.3.1+cpu",
        "numpy_version": "1.23.5",
        "end_time_seconds": "1779123436"
    },
    "total": 101.77285029999985,
    "count": 1,
    "self": 10.049601900000198,
    "children": {
        "run_training.setup": {
            "total": 0.36381040000014764,
            "count": 1,
            "self": 0.36381040000014764
        },
        "TrainerController.start_learning": {
            "total": 91.3594379999995,
            "count": 1,
            "self": 0.09760550001556112,
            "children": {
                "TrainerController._reset_env": {
                    "total": 45.09308950000013,
                    "count": 1,
                    "self": 45.09308950000013
                },
                "TrainerController.advance": {
                    "total": 44.34875029998511,
                    "count": 1484,
                    "self": 0.11224920001586725,
                    "children": {
                        "env_step": {
                            "total": 43.558028199993714,
                            "count": 1484,
                            "self": 39.599852799989094,
                            "children": {
                                "SubprocessEnvManager._take_step": {
                                    "total": 3.9189138999809074,
                                    "count": 1484,
                                    "self": 0.19829659999959404,
                                    "children": {
                                        "TorchPolicy.evaluate": {
                                            "total": 3.7206172999813134,
                                            "count": 1484,
                                            "self": 3.7206172999813134
                                        }
                                    }
                                },
                                "workers": {
                                    "total": 0.03926150002371287,
                                    "count": 1483,
                                    "self": 0.0,
                                    "children": {
                                        "worker_root": {
                                            "total": 51.62153899996156,
                                            "count": 1483,
                                            "is_parallel": true,
                                            "self": 19.940298999919833,
                                            "children": {
                                                "steps_from_proto": {
                                                    "total": 0.04756650000126683,
                                                    "count": 1,
                                                    "is_parallel": true,
                                                    "self": 0.00037340000199037604,
                                                    "children": {
                                                        "_process_rank_one_or_two_observation": {
                                                            "total": 0.047193099999276455,
                                                            "count": 4,
                                                            "is_parallel": true,
                                                            "self": 0.047193099999276455
                                                        }
                                                    }
                                                },
                                                "UnityEnvironment.step": {
                                                    "total": 31.63367350004046,
                                                    "count": 1483,
                                                    "is_parallel": true,
                                                    "self": 1.0592846000417921,
                                                    "children": {
                                                        "UnityEnvironment._generate_step_input": {
                                                            "total": 0.22078680003505724,
                                                            "count": 1483,
                                                            "is_parallel": true,
                                                            "self": 0.22078680003505724
                                                        },
                                                        "communicator.exchange": {
                                                            "total": 29.642880399955175,
                                                            "count": 1483,
                                                            "is_parallel": true,
                                                            "self": 29.642880399955175
                                                        },
                                                        "steps_from_proto": {
                                                            "total": 0.7107217000084347,
                                                            "count": 1483,
                                                            "is_parallel": true,
                                                            "self": 0.2679842998913955,
                                                            "children": {
                                                                "_process_rank_one_or_two_observation": {
                                                                    "total": 0.4427374001170392,
                                                                    "count": 5932,
                                                                    "is_parallel": true,
                                                                    "self": 0.4427374001170392
                                                                }
                                                            }
                                                        }
                                                    }
                                                }
                                            }
                                        }
                                    }
                                }
                            }
                        },
                        "trainer_advance": {
                            "total": 0.6784728999755316,
                            "count": 1483,
                            "self": 0.05446019999180862,
                            "children": {
                                "process_trajectory": {
                                    "total": 0.624012699983723,
                                    "count": 1483,
                                    "self": 0.624012699983723
                                }
                            }
                        }
                    }
                },
                "trainer_threads": {
                    "total": 2.7999994927085936e-06,
                    "count": 1,
                    "self": 2.7999994927085936e-06
                },
                "TrainerController._save_models": {
                    "total": 1.8199898999992001,