{
    "name": "root",
    "gauges": {
        "DroneAgent.Policy.Entropy.mean": {
            "value": 1.410576581954956,
            "min": 1.410576581954956,
            "max": 1.410576581954956,
            "count": 2
        },
        "DroneAgent.Policy.Entropy.sum": {
            "value": 13970.3505859375,
            "min": 2887.4501953125,
            "max": 13970.3505859375,
            "count": 2
        },
        "DroneAgent.Environment.LessonNumber.target_distance.mean": {
            "value": 2.0,
            "min": 2.0,
            "max": 2.0,
            "count": 2
        },
        "DroneAgent.Environment.LessonNumber.target_distance.sum": {
            "value": 2.0,
            "min": 2.0,
            "max": 2.0,
            "count": 2
        },
        "DroneAgent.Environment.LessonNumber.obstacle_count.mean": {
            "value": 2.0,
            "min": 2.0,
            "max": 2.0,
            "count": 2
        },
        "DroneAgent.Environment.LessonNumber.obstacle_count.sum": {
            "value": 2.0,
            "min": 2.0,
            "max": 2.0,
            "count": 2
        },
        "DroneAgent.AngleStability.mean": {
            "value": 0.988734954664913,
            "min": 0.9879435988125426,
            "max": 0.988734954664913,
            "count": 2
        },
        "DroneAgent.AngleStability.sum": {
            "value": 17336.478695094585,
            "min": 3542.765745341778,
            "max": 17336.478695094585,
            "count": 2
        },
        "DroneAgent.GroundDistance.mean": {
            "value": 9.32643615961537,
            "min": 9.079650544349002,
            "max": 9.32643615961537,
            "count": 2
        },
        "DroneAgent.GroundDistance.sum": {
            "value": 163529.73162269592,
            "min": 32559.626852035522,
            "max": 163529.73162269592,
            "count": 2
        },
        "DroneAgent.VerticalVelocity.mean": {
            "value": -0.012620544348561524,
            "min": -0.012620544348561524,
            "max": -0.0036709557987201717,
            "count": 2
        },
        "DroneAgent.VerticalVelocity.sum": {
            "value": -221.28862460767778,
            "min": -221.28862460767778,
            "max": -13.164047494210536,
            "count": 2
        },
        "DroneAgent.DroneHP.mean": {
            "value": 500.0,
            "min": 500.0,
            "max": 500.0,
            "count": 2
        },
        "DroneAgent.DroneHP.sum": {
            "value": 8767000.0,
            "min": 1793000.0,
            "max": 8767000.0,
            "count": 2
        },
        "DroneAgent.YoloDetected.mean": {
            "value": 0.0,
            "min": 0.0,
            "max": 1.0,
            "count": 2
        },
        "DroneAgent.YoloDetected.sum": {
            "value": 0.0,
            "min": 0.0,
            "max": 1.0,
            "count": 2
        },
        "DroneAgent.YoloConfidence.mean": {
            "value": 0.0,
            "min": 0.0,
            "max": 0.7571039199829102,
            "count": 2
        },
        "DroneAgent.YoloConfidence.sum": {
            "value": 0.0,
            "min": 0.0,
            "max": 0.7571039199829102,
            "count": 2
        },
        "DroneAgent.LockOn.mean": {
            "value": 0.0,
            "min": 0.0,
            "max": 1.0,
            "count": 2
        },
        "DroneAgent.LockOn.sum": {
            "value": 0.0,
            "min": 0.0,
            "max": 1.0,
            "count": 2
        },
        "DroneAgent.GoalsReached.mean": {
            "value": 0.0,
            "min": 0.0,
            "max": 1.0,
            "count": 2
        },
        "DroneAgent.GoalsReached.sum": {
            "value": 0.0,
            "min": 0.0,
            "max": 1.0,
            "count": 2
        },
        "DroneAgent.GroundCollisions.mean": {
            "value": 0.0,
            "min": 0.0,
            "max": 0.0,
            "count": 2
        },
        "DroneAgent.GroundCollisions.sum": {
            "value": 0.0,
            "min": 0.0,
            "max": 0.0,
            "count": 2
        },
        "DroneAgent.ExploredCells.mean": {
            "value": 4.0,
            "min": 4.0,
            "max": 12.0,
            "count": 2
        },
        "DroneAgent.ExploredCells.sum": {
            "value": 4.0,
            "min": 4.0,
            "max": 12.0,
            "count": 2
        },
        "DroneAgent.BacktrackCount.mean": {
            "value": 0.0,
            "min": 0.0,
            "max": 0.0,
            "count": 2
        },
        "DroneAgent.BacktrackCount.sum": {
            "value": 0.0,
            "min": 0.0,
            "max": 0.0,
            "count": 2
        },
        "DroneAgent.PathEfficiency.mean": {
            "value": 1.5500315655980208,
            "min": 1.5500315655980208,
            "max": 1.573787423464684,
            "count": 2
        },
        "DroneAgent.PathEfficiency.sum": {
            "value": 27178.253471195698,
            "min": 5643.601700544357,
            "max": 27178.253471195698,
            "count": 2
        },
        "DroneAgent.MissionProgress.mean": {
            "value": 0.06218395003687972,
            "min": 0.04681167747395303,
            "max": 0.06218395003687972,
            "count": 2
        },
        "DroneAgent.MissionProgress.sum": {
            "value": 1090.333379946649,
            "min": 167.86667542159557,
            "max": 1090.333379946649,
            "count": 2
        },
        "DroneAgent.Environment.EpisodeLength.mean": {
            "value": 1099.4444444444443,
            "min": 1022.5,
            "max": 1099.4444444444443,
            "count": 2
        },
        "DroneAgent.Environment.EpisodeLength.sum": {
            "value": 9895.0,
            "min": 2045.0,
            "max": 9895.0,
            "count": 2
        },
        "DroneAgent.Step.mean": {
            "value": 789611.0,
            "min": 778836.0,
            "max": 789611.0,
            "count": 2
        },
        "DroneAgent.Step.sum": {
            "value": 789611.0,
            "min": 778836.0,
            "max": 789611.0,
            "count": 2
        },
        "DroneAgent.Policy.ExtrinsicValueEstimate.mean": {
            "value": -0.11339926719665527,
            "min": -0.11339926719665527,
            "max": -0.04697755351662636,
            "count": 2
        },
        "DroneAgent.Policy.ExtrinsicValueEstimate.sum": {
            "value": -1.1339926719665527,
            "min": -1.1339926719665527,
            "max": -0.04697755351662636,
            "count": 2
        },
        "DroneAgent.Policy.CuriosityValueEstimate.mean": {
            "value": 0.03577154502272606,
            "min": 0.034989919513463974,
            "max": 0.03577154502272606,
            "count": 2
        },
        "DroneAgent.Policy.CuriosityValueEstimate.sum": {
            "value": 0.3577154576778412,
            "min": 0.034989919513463974,
            "max": 0.3577154576778412,
            "count": 2
        },
        "DroneAgent.Environment.CumulativeReward.mean": {
            "value": 3.408093399471707,
            "min": 3.408093399471707,
            "max": 8.21389389038086,
            "count": 2
        },
        "DroneAgent.Environment.CumulativeReward.sum": {
            "value": 30.67284059524536,
            "min": 8.21389389038086,
            "max": 30.67284059524536,
            "count": 2
        },
        "DroneAgent.Policy.ExtrinsicReward.mean": {
            "value": 3.408093399471707,
            "min": 3.408093399471707,
            "max": 8.21389389038086,
            "count": 2
        },