{
  "dataset_name": "3DAgent_Test_Results",
  "total_episodes": 100,
  "total_columns": 8,
  "numeric_metrics": {
    "Episode": {
      "mean": 50.5,
      "std": 29.011491975882016,
      "min": 1.0,
      "max": 100.0,
      "median": 50.5
    },
    "VictimsRescued": {
      "mean": 2.57,
      "std": 1.918832768096061,
      "min": 0.0,
      "max": 6.0,
      "median": 3.0
    },
    "TotalVictims": {
      "mean": 6.0,
      "std": 0.0,
      "min": 6.0,
      "max": 6.0,
      "median": 6.0
    },
    "StepsTaken": {
      "mean": 2652.25,
      "std": 1889.4050657615091,
      "min": 0.0,
      "max": 5000.0,
      "median": 2883.0
    },
    "PathEfficiency": {
      "mean": 98337.83495,
      "std": 175543.20114373148,
      "min": 0.805,
      "max": 566672.4,
      "median": 1.5975000000000001
    },
    "DistanceTraveled": {
      "mean": 232.3826,
      "std": 155.85080095016542,
      "min": 0.0,
      "max": 502.77,
      "median": 260.725
    },
    "DroneHP": {
      "mean": 267.966,
      "std": 214.08318274762627,
      "min": -32.8,
      "max": 500.0,
      "median": 310.0
    }
  }
}