,Episode,VictimsRescued,TotalVictims,StepsTaken,PathEfficiency,DistanceTraveled,DroneHP
Mean,50.5,2.57,6.0,2652.25,98337.83495,232.3826,267.966
Std Dev,29.011491975882016,1.918832768096061,0.0,1889.4050657615091,175543.20114373148,155.85080095016542,214.08318274762627
Min,1.0,0.0,6.0,0.0,0.805,0.0,-32.8
Max,100.0,6.0,6.0,5000.0,566672.4,502.77,500.0
Median,50.5,3.0,6.0,2883.0,1.5975000000000001,260.725,310.0
