{
    "name": "root",
    "gauges": {
        "DroneAgent.Policy.Entropy.mean": {
            "value": 1.2871533632278442,
            "min": 1.2871533632278442,
            "max": 1.2871533632278442,
            "count": 1
        },
        "DroneAgent.Policy.Entropy.sum": {
            "value": 7468.0634765625,
            "min": 7468.0634765625,
            "max": 7468.0634765625,
            "count": 1
        },
        "DroneAgent.Environment.LessonNumber.target_distance.mean": {
            "value": 7.0,
            "min": 7.0,
            "max": 7.0,
            "count": 1
        },
        "DroneAgent.Environment.LessonNumber.target_distance.sum": {
            "value": 7.0,
            "min": 7.0,
            "max": 7.0,
            "count": 1
        },
        "DroneAgent.Environment.LessonNumber.obstacle_count.mean": {
            "value": 7.0,
            "min": 7.0,
            "max": 7.0,
            "count": 1
        },
        "DroneAgent.Environment.LessonNumber.obstacle_count.sum": {
            "value": 7.0,
            "min": 7.0,
            "max": 7.0,
            "count": 1
        },
        "DroneAgent.Environment.LessonNumber.wind_strength.mean": {
            "value": 7.0,
            "min": 7.0,
            "max": 7.0,
            "count": 1
        },
        "DroneAgent.Environment.LessonNumber.wind_strength.sum": {
            "value": 7.0,
            "min": 7.0,
            "max": 7.0,
            "count": 1
        },
        "DroneAgent.AngleStability.mean": {
            "value": 0.8751093115830094,
            "min": 0.8751093115830094,
            "max": 0.8751093115830094,
            "count": 1
        },
        "DroneAgent.AngleStability.sum": {
            "value": 8163.019658446312,
            "min": 8163.019658446312,
            "max": 8163.019658446312,
            "count": 1
        },
        "DroneAgent.ExploredCells.mean": {
            "value": 16.375214408233276,
            "min": 16.375214408233276,
            "max": 16.375214408233276,
            "count": 1
        },
        "DroneAgent.ExploredCells.sum": {
            "value": 152748.0,
            "min": 152748.0,
            "max": 152748.0,
            "count": 1
        },
        "DroneAgent.ClosestEver.mean": {
            "value": 14.24187630783019,
            "min": 14.24187630783019,
            "max": 14.24187630783019,
            "count": 1
        },
        "DroneAgent.ClosestEver.sum": {
            "value": 132848.22219944,
            "min": 132848.22219944,
            "max": 132848.22219944,
            "count": 1
        },
        "DroneAgent.BacktrackCount.mean": {
            "value": 0.739172384219554,
            "min": 0.739172384219554,
            "max": 0.739172384219554,
            "count": 1
        },
        "DroneAgent.BacktrackCount.sum": {
            "value": 6895.0,
            "min": 6895.0,
            "max": 6895.0,
            "count": 1
        },
        "DroneAgent.GroundDistance.mean": {
            "value": 5.821742582203593,
            "min": 5.821742582203593,
            "max": 5.821742582203593,
            "count": 1
        },
        "DroneAgent.GroundDistance.sum": {
            "value": 54305.21480679512,
            "min": 54305.21480679512,
            "max": 54305.21480679512,
            "count": 1
        },
        "DroneAgent.VerticalVelocity.mean": {
            "value": -0.21149163498227116,
            "min": -0.21149163498227116,
            "max": -0.21149163498227116,
            "count": 1
        },
        "DroneAgent.VerticalVelocity.sum": {
            "value": -1972.7939711146255,
            "min": -1972.7939711146255,
            "max": -1972.7939711146255,
            "count": 1
        },
        "DroneAgent.DroneHP.mean": {
            "value": 90.30149044313725,
            "min": 90.30149044313725,
            "max": 90.30149044313725,
            "count": 1
        },
        "DroneAgent.DroneHP.sum": {
            "value": 842332.3028535843,
            "min": 842332.3028535843,
            "max": 842332.3028535843,
            "count": 1
        },
        "DroneAgent.GoalsReached.mean": {
            "value": 1.0197255574614066,
            "min": 1.0197255574614066,
            "max": 1.0197255574614066,
            "count": 1
        },
        "DroneAgent.GoalsReached.sum": {
            "value": 9512.0,
            "min": 9512.0,
            "max": 9512.0,
            "count": 1
        },
        "DroneAgent.GroundCollisions.mean": {
            "value": 0.0,
            "min": 0.0,
            "max": 0.0,
            "count": 1
        },
        "DroneAgent.GroundCollisions.sum": {
            "value": 0.0,
            "min": 0.0,
            "max": 0.0,
            "count": 1
        },
        "DroneAgent.PathEfficiency.mean": {
            "value": 3.116999147584467,
            "min": 3.116999147584467,
            "max": 3.116999147584467,
            "count": 1
        },
        "DroneAgent.PathEfficiency.sum": {
            "value": 29075.368048667908,
            "min": 29075.368048667908,
            "max": 29075.368048667908,
            "count": 1
        },
        "DroneAgent.MissionProgress.mean": {
            "value": 0.10197255741181827,
            "min": 0.10197255741181827,
            "max": 0.10197255741181827,
            "count": 1
        },
        "DroneAgent.MissionProgress.sum": {
            "value": 951.2000155374408,
            "min": 951.2000155374408,
            "max": 951.2000155374408,
            "count": 1
        },
        "DroneAgent.Environment.EpisodeLength.mean": {
            "value": 643.6666666666666,
            "min": 643.6666666666666,
            "max": 643.6666666666666,
            "count": 1
        },
        "DroneAgent.Environment.EpisodeLength.sum": {
            "value": 5793.0,
            "min": 5793.0,
            "max": 5793.0,
            "count": 1
        },
        "DroneAgent.Step.mean": {
            "value": 2549592.0,
            "min": 2549592.0,
            "max": 2549592.0,
            "count": 1
        },
        "DroneAgent.Step.sum": {
            "value": 2549592.0,
            "min": 2549592.0,
            "max": 2549592.0,
            "count": 1
        },
        "DroneAgent.Policy.ExtrinsicValueEstimate.mean": {
            "value": 2.5302042961120605,
            "min": 2.5302042961120605,
            "max": 2.5302042961120605,
            "count": 1
        },
        "DroneAgent.Policy.ExtrinsicValueEstimate.sum": {
            "value": 22.771839141845703,
            "min": 22.771839141845703,
            "max": 22.771839141845703,
            "count": 1
        },
        "DroneAgent.Policy.CuriosityValueEstimate.mean": {
            "value": 0.005904202349483967,
            "min": 0.005904202349483967,
            "max": 0.005904202349483967,
            "count": 1
        },
        "DroneAgent.Policy.CuriosityValueEstimate.sum": {
            "value": 0.05313782021403313,
            "min": 0.05313782021403313,
            "max": 0.05313782021403313,
            "count": 1
        },
        "DroneAgent.Environment.CumulativeReward.mean": {
            "value": 28.55090045183897,
            "min": 28.55090045183897,
            "max": 28.55090045183897,
            "count": 1
        },
        "DroneAgent.Environment.CumulativeReward.sum": {
            "value": 228.40720361471176,
            "min": 228.40720361471176,
            "max": 228.40720361471176,
            "count": 1
        },
        "DroneAgent.Policy.ExtrinsicReward.mean": {
            "value": 28.55090045183897,
            "min": 28.55090045183897,
            "max": 28.55090045183897,
            "count": 1
        },