{
    "name": "root",
    "metadata": {
        "timer_format_version": "0.1.0",
        "start_time_seconds": "1779169781",
        "python_version": "3.10.12 | packaged by Anaconda, Inc. | (main, Jul  5 2023, 19:01:18) [MSC v.1916 64 bit (AMD64)]",
        "command_line_arguments": "E:\\anaconda\\envs\\mlagents\\Scripts\\mlagents-learn config3D\\single_occ_ppo.yaml --run-id=drone3d_v7 --env=G:\\unity_files\\ML_Drone3D\\Build\\ML_Drone3D.exe --resume",
        "mlagents_version": "1.1.0",
        "mlagents_envs_version": "1.1.0",
        "communication_protocol_version": "1.5.0",
        "pytorch_version": "2.3.1+cpu",
        "numpy_version": "1.23.5",
        "end_time_seconds": "1779169841"
    },
    "total": 59.5817298999973,
    "count": 1,
    "self": 0.15590529999462888,
    "children": {
        "run_training.setup": {
            "total": 0.25898790000064764,
            "count": 1,
            "self": 0.25898790000064764
        },
        "TrainerController.start_learning": {
            "total": 59.16683670000202,
            "count": 1,
            "self": 0.16689250003400957,
            "children": {
                "TrainerController._reset_env": {
                    "total": 14.839720500000112,
                    "count": 1,
                    "self": 14.839720500000112
                },
                "TrainerController.advance": {
                    "total": 43.543810799965286,
                    "count": 3730,
                    "self": 0.14675909997458803,
                    "children": {
                        "env_step": {
                            "total": 43.3970516999907,
                            "count": 3730,
                            "self": 38.30258050021075,
                            "children": {
                                "SubprocessEnvManager._take_step": {
                                    "total": 5.03035460015235,
                                    "count": 3730,
                                    "self": 0.31466299983731005,
                                    "children": {
                                        "TorchPolicy.evaluate": {
                                            "total": 4.71569160031504,
                                            "count": 3724,
                                            "self": 4.71569160031504
                                        }
                                    }
                                },
                                "workers": {
                                    "total": 0.06411659962759586,
                                    "count": 3729,
                                    "self": 0.0,
                                    "children": {
                                        "worker_root": {
                                            "total": 50.22277009982645,
                                            "count": 3729,
                                            "is_parallel": true,
                                            "self": 17.32168299974728,
                                            "children": {
                                                "steps_from_proto": {
                                                    "total": 0.00043700000242097303,
                                                    "count": 1,
                                                    "is_parallel": true,
                                                    "self": 0.00014319999900180846,
                                                    "children": {
                                                        "_process_rank_one_or_two_observation": {
                                                            "total": 0.00029380000341916457,
                                                            "count": 4,
                                                            "is_parallel": true,
                                                            "self": 0.00029380000341916457
                                                        }
                                                    }
                                                },
                                                "UnityEnvironment.step": {
                                                    "total": 32.900650100076746,
                                                    "count": 3729,
                                                    "is_parallel": true,
                                                    "self": 1.4187739000335569,
                                                    "children": {
                                                        "UnityEnvironment._generate_step_input": {
                                                            "total": 0.3565887998411199,
                                                            "count": 3729,
                                                            "is_parallel": true,
                                                            "self": 0.3565887998411199
                                                        },
                                                        "communicator.exchange": {
                                                            "total": 29.985742400051095,
                                                            "count": 3729,
                                                            "is_parallel": true,
                                                            "self": 29.985742400051095
                                                        },
                                                        "steps_from_proto": {
                                                            "total": 1.1395450001509744,
                                                            "count": 3729,
                                                            "is_parallel": true,
                                                            "self": 0.41513760051020654,
                                                            "children": {
                                                                "_process_rank_one_or_two_observation": {
                                                                    "total": 0.7244073996407678,
                                                                    "count": 14916,
                                                                    "is_parallel": true,
                                                                    "self": 0.7244073996407678
                                                                }
                                                            }
                                                        }
                                                    }
                                                }
                                            }
                                        }
                                    }
                                }
                            }
                        }
                    }
                },
                "trainer_threads": {
                    "total": 3.599999763537198e-05,
                    "count": 1,
                    "self": 3.599999763537198e-05,
                    "children": {
                        "thread_root": {
                            "total": 0.0,
                            "count": 0,
                            "is_parallel": true,
                            "self": 0.0,
                            "children": {
                                "trainer_advance": {
                                    "total": 43.64235919973726,
                                    "count": 2786,
                                    "is_parallel": true,
                                    "self": 0.17579109975486062,