{
    "name": "root",
    "gauges": {
        "DroneAgent.Policy.Entropy.mean": {
            "value": 1.5929222106933594,
            "min": 1.5929222106933594,
            "max": 1.5929222106933594,
            "count": 1
        },
        "DroneAgent.Policy.Entropy.sum": {
            "value": 6628.1494140625,
            "min": 6628.1494140625,
            "max": 6628.1494140625,
            "count": 1
        },
        "DroneAgent.Environment.LessonNumber.target_distance.mean": {
            "value": 7.0,
            "min": 7.0,
            "max": 7.0,
            "count": 1
        },
        "DroneAgent.Environment.LessonNumber.target_distance.sum": {
            "value": 7.0,
            "min": 7.0,
            "max": 7.0,
            "count": 1
        },
        "DroneAgent.Environment.LessonNumber.obstacle_count.mean": {
            "value": 7.0,
            "min": 7.0,
            "max": 7.0,
            "count": 1
        },
        "DroneAgent.Environment.LessonNumber.obstacle_count.sum": {
            "value": 7.0,
            "min": 7.0,
            "max": 7.0,
            "count": 1
        },
        "DroneAgent.AngleStability.mean": {
            "value": 0.9377372132862887,
            "min": 0.9377372132862887,
            "max": 0.9377372132862887,
            "count": 1
        },
        "DroneAgent.AngleStability.sum": {
            "value": 7088.355595231056,
            "min": 7088.355595231056,
            "max": 7088.355595231056,
            "count": 1
        },
        "DroneAgent.GroundDistance.mean": {
            "value": 7.075624389770817,
            "min": 7.075624389770817,
            "max": 7.075624389770817,
            "count": 1
        },
        "DroneAgent.GroundDistance.sum": {
            "value": 53484.6447622776,
            "min": 53484.6447622776,
            "max": 53484.6447622776,
            "count": 1
        },
        "DroneAgent.VerticalVelocity.mean": {
            "value": -0.07302753467802493,
            "min": -0.07302753467802493,
            "max": -0.07302753467802493,
            "count": 1
        },
        "DroneAgent.VerticalVelocity.sum": {
            "value": -552.0151346311904,
            "min": -552.0151346311904,
            "max": -552.0151346311904,
            "count": 1
        },
        "DroneAgent.DroneHP.mean": {
            "value": 328.97652290567294,
            "min": 328.97652290567294,
            "max": 328.97652290567294,
            "count": 1
        },
        "DroneAgent.DroneHP.sum": {
            "value": 2486733.536643982,
            "min": 2486733.536643982,
            "max": 2486733.536643982,
            "count": 1
        },
        "DroneAgent.GoalsReached.mean": {
            "value": 4.0,
            "min": 4.0,
            "max": 4.0,
            "count": 1
        },
        "DroneAgent.GoalsReached.sum": {
            "value": 4.0,
            "min": 4.0,
            "max": 4.0,
            "count": 1
        },
        "DroneAgent.GroundCollisions.mean": {
            "value": 2.0,
            "min": 2.0,
            "max": 2.0,
            "count": 1
        },
        "DroneAgent.GroundCollisions.sum": {
            "value": 2.0,
            "min": 2.0,
            "max": 2.0,
            "count": 1
        },
        "DroneAgent.ExploredCells.mean": {
            "value": 44.0,
            "min": 44.0,
            "max": 44.0,
            "count": 1
        },
        "DroneAgent.ExploredCells.sum": {
            "value": 44.0,
            "min": 44.0,
            "max": 44.0,
            "count": 1
        },
        "DroneAgent.BacktrackCount.mean": {
            "value": 0.0,
            "min": 0.0,
            "max": 0.0,
            "count": 1
        },
        "DroneAgent.BacktrackCount.sum": {
            "value": 0.0,
            "min": 0.0,
            "max": 0.0,
            "count": 1
        },
        "DroneAgent.ClosestEver.mean": {
            "value": 4.29921817779541,
            "min": 4.29921817779541,
            "max": 4.29921817779541,
            "count": 1
        },
        "DroneAgent.ClosestEver.sum": {
            "value": 4.29921817779541,
            "min": 4.29921817779541,
            "max": 4.29921817779541,
            "count": 1
        },
        "DroneAgent.PathEfficiency.mean": {
            "value": 1.8811148627439274,
            "min": 1.8811148627439274,
            "max": 1.8811148627439274,
            "count": 1
        },
        "DroneAgent.PathEfficiency.sum": {
            "value": 14219.347247481346,
            "min": 14219.347247481346,
            "max": 14219.347247481346,
            "count": 1
        },
        "DroneAgent.MissionProgress.mean": {
            "value": 0.13341712108233536,
            "min": 0.13341712108233536,
            "max": 0.13341712108233536,
            "count": 1
        },
        "DroneAgent.MissionProgress.sum": {
            "value": 1008.500018261373,
            "min": 1008.500018261373,
            "max": 1008.500018261373,
            "count": 1
        },
        "DroneAgent.Step.mean": {
            "value": 2909877.0,
            "min": 2909877.0,
            "max": 2909877.0,
            "count": 1
        },
        "DroneAgent.Step.sum": {
            "value": 2909877.0,
            "min": 2909877.0,
            "max": 2909877.0,
            "count": 1
        },
        "DroneAgent.Policy.ExtrinsicValueEstimate.mean": {
            "value": 0.9617804288864136,
            "min": 0.9617804288864136,
            "max": 0.9617804288864136,
            "count": 1
        },
        "DroneAgent.Policy.ExtrinsicValueEstimate.sum": {
            "value": 3.8471217155456543,
            "min": 3.8471217155456543,
            "max": 3.8471217155456543,
            "count": 1
        },
        "DroneAgent.Policy.CuriosityValueEstimate.mean": {
            "value": 0.0039924150332808495,
            "min": 0.0039924150332808495,
            "max": 0.0039924150332808495,
            "count": 1
        },
        "DroneAgent.Policy.CuriosityValueEstimate.sum": {
            "value": 0.015969660133123398,
            "min": 0.015969660133123398,
            "max": 0.015969660133123398,
            "count": 1
        },
        "DroneAgent.Environment.EpisodeLength.mean": {
            "value": 1386.0,
            "min": 1386.0,
            "max": 1386.0,
            "count": 1
        },
        "DroneAgent.Environment.EpisodeLength.sum": {
            "value": 4158.0,
            "min": 4158.0,
            "max": 4158.0,
            "count": 1
        },
        "DroneAgent.Environment.CumulativeReward.mean": {
            "value": -28.230501174926758,
            "min": -28.230501174926758,
            "max": -28.230501174926758,
            "count": 1
        },
        "DroneAgent.Environment.CumulativeReward.sum": {
            "value": -56.461002349853516,
            "min": -56.461002349853516,
            "max": -56.461002349853516,
            "count": 1
        },
        "DroneAgent.Policy.ExtrinsicReward.mean": {
            "value": -28.230501174926758,
            "min": -28.230501174926758,
            "max": -28.230501174926758,
            "count": 1
        },
        "DroneAgent.Policy.ExtrinsicReward.sum": {
            "value": -56.461002349853516,
            "min": -56.461002349853516,
            "max": -56.461002349853516,
            "count": 1
        },
        "DroneAgent.Policy.CuriosityReward.mean": {
            "value": 0.0,
            "min": 0.0,
            "max": 0.0,
            "count": 1
        },
        "DroneAgent.Policy.CuriosityReward.sum": {
            "value": 0.0,
            "min": 0.0,
            "max": 0.0,
            "count": 1
        },