{
    "name": "root",
    "metadata": {
        "timer_format_version": "0.1.0",
        "start_time_seconds": "1779122234",
        "python_version": "3.10.12 | packaged by Anaconda, Inc. | (main, Jul  5 2023, 19:01:18) [MSC v.1916 64 bit (AMD64)]",
        "command_line_arguments": "E:\\anaconda\\envs\\mlagents\\Scripts\\mlagents-learn config3D\\single_occ_ppo.yaml --run-id=drone3d_vc2 --resume",
        "mlagents_version": "1.1.0",
        "mlagents_envs_version": "1.1.0",
        "communication_protocol_version": "1.5.0",
        "pytorch_version": "2.3.1+cpu",
        "numpy_version": "1.23.5",
        "end_time_seconds": "1779122349"
    },
    "total": 115.8012275000001,
    "count": 1,
    "self": 0.04773239999849466,
    "children": {
        "run_training.setup": {
            "total": 0.26475630000095407,
            "count": 1,
            "self": 0.26475630000095407
        },
        "TrainerController.start_learning": {
            "total": 115.48873880000065,
            "count": 1,
            "self": 0.23963889996775833,
            "children": {
                "TrainerController._reset_env": {
                    "total": 33.75150649999887,
                    "count": 1,
                    "self": 33.75150649999887
                },
                "TrainerController.advance": {
                    "total": 81.03535260003446,
                    "count": 3820,
                    "self": 0.2712793000482634,
                    "children": {
                        "env_step": {
                            "total": 80.03254109993213,
                            "count": 3820,
                            "self": 71.4442686999846,
                            "children": {
                                "SubprocessEnvManager._take_step": {
                                    "total": 8.484678200016788,
                                    "count": 3820,
                                    "self": 0.4819174000604107,
                                    "children": {
                                        "TorchPolicy.evaluate": {
                                            "total": 8.002760799956377,
                                            "count": 3818,
                                            "self": 8.002760799956377
                                        }
                                    }
                                },
                                "workers": {
                                    "total": 0.1035941999307397,
                                    "count": 3819,
                                    "self": 0.0,
                                    "children": {
                                        "worker_root": {
                                            "total": 91.54658399997606,
                                            "count": 3819,
                                            "is_parallel": true,
                                            "self": 28.274735800039707,
                                            "children": {
                                                "steps_from_proto": {
                                                    "total": 0.0005645000001095468,
                                                    "count": 1,
                                                    "is_parallel": true,
                                                    "self": 0.00020729999960167333,
                                                    "children": {
                                                        "_process_rank_one_or_two_observation": {
                                                            "total": 0.0003572000005078735,
                                                            "count": 4,
                                                            "is_parallel": true,
                                                            "self": 0.0003572000005078735
                                                        }
                                                    }
                                                },
                                                "UnityEnvironment.step": {
                                                    "total": 63.27128369993625,
                                                    "count": 3819,
                                                    "is_parallel": true,
                                                    "self": 2.4380756997925346,
                                                    "children": {
                                                        "UnityEnvironment._generate_step_input": {
                                                            "total": 0.5440429000682343,
                                                            "count": 3819,
                                                            "is_parallel": true,
                                                            "self": 0.5440429000682343
                                                        },
                                                        "communicator.exchange": {
                                                            "total": 58.525744099990334,
                                                            "count": 3819,
                                                            "is_parallel": true,
                                                            "self": 58.525744099990334
                                                        },
                                                        "steps_from_proto": {
                                                            "total": 1.7634210000851454,
                                                            "count": 3819,
                                                            "is_parallel": true,
                                                            "self": 0.6633071001924691,
                                                            "children": {
                                                                "_process_rank_one_or_two_observation": {
                                                                    "total": 1.1001138998926763,
                                                                    "count": 15276,
                                                                    "is_parallel": true,
                                                                    "self": 1.1001138998926763
                                                                }
                                                            }
                                                        }
                                                    }
                                                }
                                            }
                                        }
                                    }
                                }
                            }
                        },
                        "trainer_advance": {
                            "total": 0.7315322000540618,
                            "count": 3819,
                            "self": 0.164672800065091,
                            "children": {
                                "process_trajectory": {
                                    "total": 0.5668593999889708,
                                    "count": 3819,
                                    "self": 0.5668593999889708
                                }
                            }
                        }
                    }
                },
                "trainer_threads": {
                    "total": 2.6999987312592566e-06,
                    "count": 1,
                    "self": 2.6999987312592566e-06
                },
                "TrainerController._save_models": {
                    "total": 0.46223810000083176,